epoch,train_loss,train_accuracy,val_loss,val_accuracy
1,4.290283488016652,26.62058371735791,3.9166969579594735,27.129375223987577
